{"history_length": 2, "feature_dim": 276, "stand_pose_flat": [-0.0003841965226456523, 0.40082457661628723, -0.01285911351442337, -0.9848157167434692, -0.01657836325466633, 0.03623725101351738, 0.03869136795401573, -0.07860811054706573, 0.9546409249305725, 0.9788982272148132, -0.06716185808181763, -0.003890352789312601, 0.07892480492591858, 0.9034907221794128, 0.1461659073829651, 0.9836881160736084, 0.05088813230395317, -0.024431290104985237, -0.05713985115289688, 0.8950494527816772, 0.1893703043460846, 0.99457848072052, 0.008880469016730785, 0.019714118912816048, -0.006816629786044359, 0.9263789653778076, -0.25067147612571716, 0.9729750156402588, 0.06153055280447006, -0.10267497599124908, -0.06557745486497879, 0.804405689239502, -0.3064218759536743, 0.9802124500274658, -0.042171910405159, 0.018935661762952805, 0.018393998965620995, 0.7818185091018677, -0.3617306649684906, 0.9956763386726379, -0.016988040879368782, -0.03305574879050255, 0.014147147536277771, 0.9863154292106628, -0.023899409919977188, 0.9707657694816589, -0.033668097108602524, 0.16913078725337982, 0.0029023520182818174, 0.962729275226593, 0.15324442088603973, 0.9710381031036377, -0.06331928819417953, -0.12550853192806244, 0.08328849077224731, 0.9622201919555664, 0.12050936371088028, 0.9977378249168396, -0.012552504427731037, -0.0007509482675231993, 0.011852316558361053, 0.9947882294654846, -0.022121358662843704, 0.9953246712684631, -0.01436389796435833, 0.020186688750982285, 0.008631976321339607, 0.9936526417732239, 0.027952780947089195, 0.9935030937194824, 0.018791496753692627, 0.013235725462436676, -0.019306989386677742, 0.994301974773407, 0.006453479640185833, 0.9784971475601196, 0.018819497898221016, 0.001321303891018033, -0.021893741562962532, 0.9752270579338074, -0.048695504665374756, 0.9212971329689026, 0.2664024233818054, -0.08119170367717743, -0.2566920518875122, 0.9387819170951843, 0.01832696422934532, 0.919646143913269, -0.23077791929244995, 0.14248628914356232, 0.2258620262145996, 0.9433494806289673, 0.020997535437345505, 0.9794475436210632, -0.043568503111600876, -0.012825199402868748, 0.04305801913142204, 0.9696575999259949, 0.024867869913578033, 0.668867826461792, 0.601273238658905, -0.23867759108543396, -0.6019381880760193, 0.703960657119751, 0.03396982699632645, 0.6804392337799072, -0.579251766204834, 0.2561971843242645, 0.5736671090126038, 0.7090593576431274, 0.03890388086438179, 0.6568661332130432, -0.1310729831457138, -0.5325615406036377, 0.05979233607649803, 0.9277747869491577, -0.15547014772891998, 0.6067218780517578, 0.13703902065753937, 0.557981550693512, -0.10941758006811142, 0.9247146248817444, -0.10625195503234863, 0.9332718253135681, -0.07590638846158981, -0.13334651291370392, 0.09334007650613785, 0.8843758702278137, 0.06309489160776138, 0.9323111772537231, 0.0474356934428215, 0.09837818890810013, -0.06345001608133316, 0.8806621432304382, 0.06502586603164673, 0.00010721681610448286, 0.005683723371475935, -4.1994201183115365e-07, 0.9995192885398865, -0.0006610841955989599, 3.397381760805729e-06, 0.0006554640713147819, 0.9994786977767944, -2.574362042651046e-05, 0.000603980734013021, 0.025558141991496086, -9.70598921412602e-06, -0.05916165933012962, 0.015359020791947842, -0.09336590021848679, 0.06309147924184799, 0.01569399982690811, -0.10080195218324661, 0.00016419385792687535, -0.0158856101334095, 0.10430774837732315, -0.12717704474925995, 0.08243400603532791, -0.4231247901916504, 0.12753713130950928, 0.0844278484582901, -0.4158285856246948, -0.011941076256334782, 0.007745015900582075, 0.24340996146202087, -0.09349386394023895, -0.0030004812870174646, -0.7880698442459106, 0.10959180444478989, -0.002071256982162595, -0.7855560183525085, -0.002649351255968213, 0.04088990390300751, 0.29043692350387573, -0.1397842913866043, 0.1090758815407753, -0.8360123634338379, 0.16072218120098114, 0.10359823703765869, -0.8412079811096191, 0.006774831563234329, 0.04887394607067108, 0.46187037229537964, -0.04656050726771355, 0.05401410534977913, 0.37668758630752563, 0.046579260379076004, 0.04435424879193306, 0.3763347268104553, -0.00969874020665884, 0.10632722824811935, 0.5956648588180542, -0.17475031316280365, 0.0551227331161499, 0.3967345058917999, 0.16952738165855408, 0.040439166128635406, 0.39719703793525696, -0.23398268222808838, 0.014376014471054077, 0.1809576451778412, 0.2470766007900238, 0.016646988689899445, 0.18833769857883453, -0.26331114768981934, 0.1246187835931778, 0.0521974116563797, 0.27753400802612305, 0.1186947450041771, 0.06876713037490845, 0.00010721681610448286, 0.005683723371475935, -4.19945337171157e-07, 0.00028945691883563995, 0.005705771502107382, -9.094632105188794e-07, -6.14794553257525e-05, 0.0057729873806238174, 2.276794788258485e-07, 0.00012392117059789598, 0.005776059813797474, -5.684467510036484e-07, 0.0006384466541931033, 0.005624793004244566, 3.8105017665657215e-06, -0.0004896607715636492, 0.005765259265899658, 5.2116142796876375e-06, 0.0001367466466035694, 0.005689526442438364, -2.234178282378707e-06, 0.0008012849721126258, 0.006000983528792858, 1.8905637261923403e-05, -0.0005454125930555165, 0.006131461355835199, 1.4263780940382276e-05, 9.354010398965329e-05, 0.005595850758254528, -3.0514117952407105e-06, 0.0008268228848464787, 0.005801800638437271, 1.2662721928791143e-05, -0.0006919774459674954, 0.005983170121908188, 1.0499726158741396e-05, 5.386966222431511e-05, 0.005556910298764706, -4.4053313104086556e-06, 0.00020114930521231145, 0.005526638124138117, -3.850017492368352e-06, -4.6465120249195024e-05, 0.00560159282758832, -3.8011780816304963e-06, 6.838808621978387e-05, 0.005325403530150652, -6.139661763882032e-06, 0.0005417712964117527, 0.00545506039634347, -6.498542461486068e-06, -0.00036580950836651027, 0.005664230324327946, -5.9352992138883565e-06, 0.0006695510819554329, 0.005585324950516224, -1.85083245014539e-05, -0.0004958395729772747, 0.005815729033201933, -1.9307519323774613e-05, 0.0005679584573954344, 0.005372672341763973, -4.1292369132861495e-05, -0.0004962942912243307, 0.005680964794009924, -3.9128110074670985e-05, -0.0003841965226456523, 0.40082457661628723, -0.01285911351442337, -0.9848157167434692, -0.01657836325466633, 0.03623725101351738, 0.03869136795401573, -0.07860811054706573, 0.9546409249305725, 0.9788982272148132, -0.06716185808181763, -0.003890352789312601, 0.07892480492591858, 0.9034907221794128, 0.1461659073829651, 0.9836881160736084, 0.05088813230395317, -0.024431290104985237, -0.05713985115289688, 0.8950494527816772, 0.1893703043460846, 0.99457848072052, 0.008880469016730785, 0.019714118912816048, -0.006816629786044359, 0.9263789653778076, -0.25067147612571716, 0.9729750156402588, 0.06153055280447006, -0.10267497599124908, -0.06557745486497879, 0.804405689239502, -0.3064218759536743, 0.9802124500274658, -0.042171910405159, 0.018935661762952805, 0.018393998965620995, 0.7818185091018677, -0.3617306649684906, 0.9956763386726379, -0.016988040879368782, -0.03305574879050255, 0.014147147536277771, 0.9863154292106628, -0.023899409919977188, 0.9707657694816589, -0.033668097108602524, 0.16913078725337982, 0.0029023520182818174, 0.962729275226593, 0.15324442088603973, 0.9710381031036377, -0.06331928819417953, -0.12550853192806244, 0.08328849077224731, 0.9622201919555664, 0.12050936371088028, 0.9977378249168396, -0.012552504427731037, -0.0007509482675231993, 0.011852316558361053, 0.9947882294654846, -0.022121358662843704, 0.9953246712684631, -0.01436389796435833, 0.020186688750982285, 0.008631976321339607, 0.9936526417732239, 0.027952780947089195, 0.9935030937194824, 0.018791496753692627, 0.013235725462436676, -0.019306989386677742, 0.994301974773407, 0.006453479640185833, 0.9784971475601196, 0.018819497898221016, 0.001321303891018033, -0.021893741562962532, 0.9752270579338074, -0.048695504665374756, 0.9212971329689026, 0.2664024233818054, -0.08119170367717743, -0.2566920518875122, 0.9387819170951843, 0.01832696422934532, 0.919646143913269, -0.23077791929244995, 0.14248628914356232, 0.2258620262145996, 0.9433494806289673,